Workbook
Name SlicerCache_Table_1_Col_2: #N/A
Name SlicerCache_Table_1_Col_3: #N/A
Name SlicerCache_Table_1_Col_4: #N/A

Sheet Sales_Data
A1: Date | B1: Product | C1: Category | D1: Region | E1: Sales | F1: Profit | G1: Quantity | H1: Month | I1: Month_No
A2: =DATE(2025,1,1)+RANDBETWEEN(0,365) -> 45897 | B2: =INDEX({"Laptop","Phone","Tablet","Chair","Table","Monitor"},RANDBETWEEN(1,6)) -> Laptop | C2: =IF(OR(B2="Laptop",B2="Phone",B2="Tablet",B2="Monitor"),"Electronics","Furniture") -> Electronics | D2: =INDEX({"North","South","East","West"},RANDBETWEEN(1,4)) -> North | E2: =RANDBETWEEN(200,2000) -> 1868 | F2: =E2*RANDBETWEEN(10,30)/100 -> 205.48 | G2: =RANDBETWEEN(1,10) -> 1 | H2: =TEXT(A2,"MMM") -> Aug | I2: =MONTH(A2) -> 8
A3: =DATE(2025,1,1)+RANDBETWEEN(0,365) -> 45758 | B3: =INDEX({"Laptop","Phone","Tablet","Chair","Table","Monitor"},RANDBETWEEN(1,6)) -> Tablet | C3: =IF(OR(B3="Laptop",B3="Phone",B3="Tablet",B3="Monitor"),"Electronics","Furniture") -> Electronics | D3: =INDEX({"North","South","East","West"},RANDBETWEEN(1,4)) -> North | E3: =RANDBETWEEN(200,2000) -> 950 | F3: =E3*RANDBETWEEN(10,30)/100 -> 190 | G3: =RANDBETWEEN(1,10) -> 8 | H3: =TEXT(A3,"MMM") -> Apr | I3: =MONTH(A3) -> 4
A4: =DATE(2025,1,1)+RANDBETWEEN(0,365) -> 45794 | B4: =INDEX({"Laptop","Phone","Tablet","Chair","Table","Monitor"},RANDBETWEEN(1,6)) -> Chair | C4: =IF(OR(B4="Laptop",B4="Phone",B4="Tablet",B4="Monitor"),"Electronics","Furniture") -> Furniture | D4: =INDEX({"North","South","East","West"},RANDBETWEEN(1,4)) -> South | E4: =RANDBETWEEN(200,2000) -> 1549 | F4: =E4*RANDBETWEEN(10,30)/100 -> 294.31 | G4: =RANDBETWEEN(1,10) -> 10 | H4: =TEXT(A4,"MMM") -> May | I4: =MONTH(A4) -> 5
A5: =DATE(2025,1,1)+RANDBETWEEN(0,365) -> 45767 | B5: =INDEX({"Laptop","Phone","Tablet","Chair","Table","Monitor"},RANDBETWEEN(1,6)) -> Laptop | C5: =IF(OR(B5="Laptop",B5="Phone",B5="Tablet",B5="Monitor"),"Electronics","Furniture") -> Electronics | D5: =INDEX({"North","South","East","West"},RANDBETWEEN(1,4)) -> West | E5: =RANDBETWEEN(200,2000) -> 1229 | F5: =E5*RANDBETWEEN(10,30)/100 -> 307.25 | G5: =RANDBETWEEN(1,10) -> 5 | H5: =TEXT(A5,"MMM") -> Apr | I5: =MONTH(A5) -> 4
A6: =DATE(2025,1,1)+RANDBETWEEN(0,365) -> 45678 | B6: =INDEX({"Laptop","Phone","Tablet","Chair","Table","Monitor"},RANDBETWEEN(1,6)) -> Chair | C6: =IF(OR(B6="Laptop",B6="Phone",B6="Tablet",B6="Monitor"),"Electronics","Furniture") -> Furniture | D6: =INDEX({"North","South","East","West"},RANDBETWEEN(1,4)) -> West | E6: =RANDBETWEEN(200,2000) -> 1980 | F6: =E6*RANDBETWEEN(10,30)/100 -> 356.4 | G6: =RANDBETWEEN(1,10) -> 7 | H6: =TEXT(A6,"MMM") -> Jan | I6: =MONTH(A6) -> 1
A7: =DATE(2025,1,1)+RANDBETWEEN(0,365) -> 45683 | B7: =INDEX({"Laptop","Phone","Tablet","Chair","Table","Monitor"},RANDBETWEEN(1,6)) -> Phone | C7: =IF(OR(B7="Laptop",B7="Phone",B7="Tablet",B7="Monitor"),"Electronics","Furniture") -> Electronics | D7: =INDEX({"North","South","East","West"},RANDBETWEEN(1,4)) -> North | E7: =RANDBETWEEN(200,2000) -> 1139 | F7: =E7*RANDBETWEEN(10,30)/100 -> 125.29 | G7: =RANDBETWEEN(1,10) -> 6 | H7: =TEXT(A7,"MMM") -> Jan | I7: =MONTH(A7) -> 1
A8: =DATE(2025,1,1)+RANDBETWEEN(0,365) -> 45661 | B8: =INDEX({"Laptop","Phone","Tablet","Chair","Table","Monitor"},RANDBETWEEN(1,6)) -> Table | C8: =IF(OR(B8="Laptop",B8="Phone",B8="Tablet",B8="Monitor"),"Electronics","Furniture") -> Furniture | D8: =INDEX({"North","South","East","West"},RANDBETWEEN(1,4)) -> East | E8: =RANDBETWEEN(200,2000) -> 420 | F8: =E8*RANDBETWEEN(10,30)/100 -> 109.2 | G8: =RANDBETWEEN(1,10) -> 6 | H8: =TEXT(A8,"MMM") -> Jan | I8: =MONTH(A8) -> 1
A9: =DATE(2025,1,1)+RANDBETWEEN(0,365) -> 45746 | B9: =INDEX({"Laptop","Phone","Tablet","Chair","Table","Monitor"},RANDBETWEEN(1,6)) -> Chair | C9: =IF(OR(B9="Laptop",B9="Phone",B9="Tablet",B9="Monitor"),"Electronics","Furniture") -> Furniture | D9: =INDEX({"North","South","East","West"},RANDBETWEEN(1,4)) -> North | E9: =RANDBETWEEN(200,2000) -> 1027 | F9: =E9*RANDBETWEEN(10,30)/100 -> 112.97 | G9: =RANDBETWEEN(1,10) -> 9 | H9: =TEXT(A9,"MMM") -> Mar | I9: =MONTH(A9) -> 3
A10: =DATE(2025,1,1)+RANDBETWEEN(0,365) -> 45987 | B10: =INDEX({"Laptop","Phone","Tablet","Chair","Table","Monitor"},RANDBETWEEN(1,6)) -> Phone | C10: =IF(OR(B10="Laptop",B10="Phone",B10="Tablet",B10="Monitor"),"Electronics","Furniture") -> Electronics | D10: =INDEX({"North","South","East","West"},RANDBETWEEN(1,4)) -> South | E10: =RANDBETWEEN(200,2000) -> 1248 | F10: =E10*RANDBETWEEN(10,30)/100 -> 336.96 | G10: =RANDBETWEEN(1,10) -> 1 | H10: =TEXT(A10,"MMM") -> Nov | I10: =MONTH(A10) -> 11
A11: =DATE(2025,1,1)+RANDBETWEEN(0,365) -> 45698 | B11: =INDEX({"Laptop","Phone","Tablet","Chair","Table","Monitor"},RANDBETWEEN(1,6)) -> Phone | C11: =IF(OR(B11="Laptop",B11="Phone",B11="Tablet",B11="Monitor"),"Electronics","Furniture") -> Electronics | D11: =INDEX({"North","South","East","West"},RANDBETWEEN(1,4)) -> North | E11: =RANDBETWEEN(200,2000) -> 1608 | F11: =E11*RANDBETWEEN(10,30)/100 -> 289.44 | G11: =RANDBETWEEN(1,10) -> 8 | H11: =TEXT(A11,"MMM") -> Feb | I11: =MONTH(A11) -> 2
A12: =DATE(2025,1,1)+RANDBETWEEN(0,365) -> 45860 | B12: =INDEX({"Laptop","Phone","Tablet","Chair","Table","Monitor"},RANDBETWEEN(1,6)) -> Monitor | C12: =IF(OR(B12="Laptop",B12="Phone",B12="Tablet",B12="Monitor"),"Electronics","Furniture") -> Electronics | D12: =INDEX({"North","South","East","West"},RANDBETWEEN(1,4)) -> West | E12: =RANDBETWEEN(200,2000) -> 1271 | F12: =E12*RANDBETWEEN(10,30)/100 -> 279.62 | G12: =RANDBETWEEN(1,10) -> 3 | H12: =TEXT(A12,"MMM") -> Jul | I12: =MONTH(A12) -> 7
A13: =DATE(2025,1,1)+RANDBETWEEN(0,365) -> 45884 | B13: =INDEX({"Laptop","Phone","Tablet","Chair","Table","Monitor"},RANDBETWEEN(1,6)) -> Chair | C13: =IF(OR(B13="Laptop",B13="Phone",B13="Tablet",B13="Monitor"),"Electronics","Furniture") -> Furniture | D13: =INDEX({"North","South","East","West"},RANDBETWEEN(1,4)) -> North | E13: =RANDBETWEEN(200,2000) -> 1578 | F13: =E13*RANDBETWEEN(10,30)/100 -> 205.14 | G13: =RANDBETWEEN(1,10) -> 2 | H13: =TEXT(A13,"MMM") -> Aug | I13: =MONTH(A13) -> 8
... A1001: =DATE(2025,1,1)+RANDBETWEEN(0,365) -> 45935 | B1001: =INDEX({"Laptop","Phone","Tablet","Chair","Table","Monitor"},RANDBETWEEN(1,6)) -> Monitor | C1001: =IF(OR(B1001="Laptop",B1001="Phone",B1001="Tablet",B1001="Monitor"),"Electronics","Furniture") -> Electronics | D1001: =INDEX({"North","South","East","West"},RANDBETWEEN(1,4)) -> West | E1001: =RANDBETWEEN(200,2000) -> 836 | F1001: =E1001*RANDBETWEEN(10,30)/100 -> 217.36 | G1001: =RANDBETWEEN(1,10) -> 10 | H1001: =TEXT(A1001,"MMM") -> Oct | I1001: =MONTH(A1001) -> 10

Sheet Pivot Table 6

Sheet Pivot Table 4
D3: =(C3-C2)/C2 -> -0.19488592
D4: =(C4-C3)/C3 -> 0.19438247
D5: =(C5-C4)/C4 -> -0.0084579464
D6: =(C6-C5)/C5 -> 0.079099154
D7: =(C7-C6)/C6 -> -0.13823642
D8: =(C8-C7)/C7 -> -0.080484363
D9: =(C9-C8)/C8 -> 0.28446953
D10: =(C10-C9)/C9 -> -0.028502602
D11: =(C11-C10)/C10 -> -0.16989348
D12: =(C12-C11)/C11 -> -0.16394442
D13: =(C13-C12)/C12 -> 0.57102841

Sheet Pivot Table 1

Sheet Dashboard
A1: INTERACTIVE SALES PERFORMANCE DASHBOARD
A2: Business Insights | 2024 Sales Analysis
A3: Total Sales | C3: Total Profit | E3: Total Orders | G3: Total Quantity | I3: Profit Margin % | J3: Average Order Value | K3: Sales Growth
A4: =SUM(Sales_Data!E2:E1001) -> 1107491 | C4: =SUM(Sales_Data!F2:F1001) -> 218712.14 | E4: =COUNTA(Sales_Data!A2:A1001) -> 1000 | G4: =SUM(Sales_Data!G2:G1001) -> 5560 | I4: =C4/A4 -> 0.19748435 | J4: =A4/E4 -> 1107.491 | K4: =('Pivot Table 4'!C13-'Pivot Table 4'!C12)/'Pivot Table 4'!C12 -> 0.57102841
I29: Created by Ishu Singh | Google Sheets Dashboard Project
I30: Dashboard created using Google Sheets | Data Visualization Project
